Link,Year,Title,Author,Publisher,Duration,Notes,SourceType,Transparency ,Supply Chain,Policy,Public Health,Take Action,Page
https://www.govinfo.gov/content/pkg/CHRG-111shrg51265/html/CHRG-111shrg51265.htm,2009,Senate Hearing 111-56 Formaldehyde In Textiles and Consumer Products,,US Gov,60m,,News/Event/Dated,,,1,1,1,TA1
https://www.greenpeace.org/international/act/detox/,2020,Detox my Fashion,Greenpeace,Greenpeace,5m,,Org,,,,1,1,TA1
,,,,,,,,,,,,,
https://fashionbi.com/newspaper/the-health-risks-of-toxic-fibers-and-fabrics,2020,The Health Risks of Toxic Fibers and Fabrics,Fashionbi,Fashionbi,5m,,Edu,,1,,1,,PH1
https://oecotextiles.blog/2011/10/13/polyester-and-our-health/,2020,Polyester and Our Health,O ecotextiles,o ecotextiles,5m,,Edu,,1,,1,,PH1
https://formaldehyde.americanchemistry.com/Formaldehyde-Occurs-Naturally-and-Is-All-Around-Us.pdf,,Formaldehyde fact sheet,American Chemistry,American Chemistry,5m,,Edu,,,,1,,PH1
https://www.epa.gov/formaldehyde/protect-against-exposures-formaldehyde,2020,Protect Against Exposures to Formaldehyde,EPA,EPA,20m,,Edu,,,,1,,PH1
,,,,,,,,,,,,,
https://www.ewg.org/skindeep/ingredients/705478-QUATERNIUM-15_(FORMALDEHYDE_RELEASER)/,2020,Skin Deep Database,EWG,EWG,5m+,,Edu,1,,,1,,PH2
https://silentspring.org/detox-me-app-tips-healthier-living,2020,Detox Me App,Silent Sprint Institute,Silent Spring Institute,5m+,,Edu,1,,,1,,PH2
https://www.talkhealthpartnership.com/talkeczema/,2020,Talk Health,Talk Health,Talk Health,5m+,,Org,,,,1,,PH2
,,,,,,,,,,,,,
http://skinsupport.org.uk/conditions-details/contact-dermatitis,2020,Contact Dermatitis,Skin Support,Skin Support,5m,,Edu,,,,1,,PH3
https://www.webmd.com/allergies/textile-allergy,2020,Am I Allergic to My Clothes?,Web MD,Web MD,5m,,Edu,,,,1,,PH3
https://itchylittleworld.com/guide-textile-dermatitis-latex-hypersensitivity-polyester-allergy-explained/,2020,Your Guide to Textile Dermatits: Latex HyperSensitivity and Polyester Allergy,Dolgy,ItchlyLittleWorld,,,Edu,,,,1,,PH3
,,,,,,,,,,,,,
https://www.cpsc.gov/s3fs-public/Guide-to-US-Apparel-and-Household-Textiles.pdf,2016,A Guide to US Apparel and Household Textile Compliance Requirements,Benson & Reczek,NIST,20m,,Edu,,,1,,,PO1
https://echa.europa.eu/regulations/reach/understanding-reach,2020,Understanding Reach,ECHA,ECHA,5m,,Edu,,,1,,,PO1
https://ec.europa.eu/growth/sectors/fashion/textiles-clothing/legislation_en,,Textiles and clothing legislation,Eurpoean Commision,Eurropean Commission,5m,,Edu,1,,1,,,PO1
https://www.ftc.gov/tips-advice/business-center/selected-industries/clothing-and-textiles,2020,Clothing and Textiles,FTC,FTC,20m,,Edu,1,,1,,,PO1
https://www.epa.gov/regulatory-information-sector/textile-manufacturing-sector-naics-313,2020,Textile Manufacturing Sector (NAICS 313),EPA,EPA,60m,see other sectors too,Edu,1,,1,,,PO1
,,,,,,,,,,,,,
https://en.wikipedia.org/w/index.php?title=Glossary_of_textile_manufacturing&oldid=821542663,2020,Glossary of textile manufacturing,Wikipedia,Wikipedia,5m+,,Edu,,1,,,,SC1
https://www.dupontnutritionandbiosciences.com/microbial-control/hygiene/apparel-home-textile.html,2020,Clothing and Home Textile,DuPont,DuPont,5m,,Product,,1,,,,SC1
https://www.shinetsusilicone-global.com/catalog/pdf/TextileTreatments_e.pdf,,Textile Treatments,Shin Etsu Silicone,Shin Etsu Silicone,5m,,Product,,1,,,,SC1
https://www.mdpi.com/2079-6412/8/1/8/htm,,Polymeric Antimicrobial Coatings based on Quaternary Ammonium compounds,Druvari et al,Advances in Antimicrobial coatings,10m,,Aca,,1,,,,SC1
,,,,,,,,,,,,,
https://www.ncbi.nlm.nih.gov/pmc/articles/PMC2078137/,2006,Solvent Nerurotoxicity,Dick,Occupational & Environmental Medicine,15m,,Aca,,1,,1,,SC2
https://watermark.silverchair.com/meq084.pdf?token=AQECAHi208BE49Ooan9kkhW_Ercy7Dm3ZL_9Cf3qfKAc485ysgAAAqQwggKgBgkqhkiG9w0BBwagggKRMIICjQIBADCCAoYGCSqGSIb3DQEHATAeBglghkgBZQMEAS4wEQQMRjz2ErhxhtLQ4nyXAgEQgIICV9z4yxMC4aLDNU16rxzf2MQsiV4GgSLOBozWYevxuwljiUbbroauuWf3_4JKl4DgDURGqc8vryfibG274KE8748aEsqKeg74wvoI2HTu8iRnl9Up8ldUdKDzBgDiqWncOAP-xJ17zM_WkrtzOEFSmprqnq08sk6Kbx90PRF7XDh2RAbZzYTdpAojYYcvuysdcsXO_BuBHIZ8kWUf0LUC4y7AgIiBHrJhX3IcG4fpORYl00i9cxrwZ-pkWIDyuQ8W5FeHvEvUbVSwvlRQGeqLRmCP1t2fu01Han5nTuR9OtQYcYeKo3u52VTg63pntns0EeSltPRYAbeVqCFBje6RShymLDiJf0L4wAk3tI0d3sc5uZ9zcxTWY1v9bb587ObJYuOmtnIYzEOrYX2CGRT4oKScosIgTlALvgK6PKfqu9XmfrTob2mpCySgyoWfY0LrCkiNvN1IAY9obkQrM1ZIIN_1ttU8XcP6dp853UBYv8ZixCI6njjW2PW4cgEsrD036cinPfO1QzLA69KMwyEy1DRf4lXCxVL9Fy4mBh6hoZIyihNnW3fOysuBAKbshYGI0m8mEob5pfsKChK1OlSI1j_RBfmjl4wPBDCmbNpFQa08zHl5HjezZgPGE8QKbMTiF30cFIC5VU4lfR48um1f6b8xuuO4Ogook8Y5DsPESFz1HHkeVbfuJIXzwB1LQ6hDq2YBb1-xPe7UAd7pgff2yBmXNHbYsjKgnycTOgkaddjac4R84kOlqCii8OBRBTjC6LpzwfCJEz6P0RzrF9TdH7DGPdHJ_tfS,2010,Exposure to Dust and Endotoxin in Texstile Processing Workers,Paudyal et al,annals of occupational hygene,5m,,Aca,,1,,1,,SC2
,2018,Textile allergic contact dermatitis caused by occupational exposure – An overlooked condition,Pinheiro et al,Contact Dermatitis,10m,need link,Aca,,1,,1,,SC2
https://med.nyu.edu/pophealth/sites/default/files/pophealth/QACs%20Info%20for%20Physicians_18.pdf,,QACs in cleaning products,NYU,NYU,10m,,Edu,,,,1,,SC2
,,,,,,,,,,,,,
https://ota.com/advocacy/fiber-and-textiles/policy-advocacy-updates#GOTS,2020,Policy & Advocacy Updates,Organic Trade Association,Organic Trade Association,5m,,News/Event/Dated,1,1,1,,,SC3
https://www.global-standard.org/licensing-and-labelling/how-to-get-products-labelled.html,2020,How to get products labelled,GOTS,GOTS,5m,,Edu,1,1,1,,,SC3
,,,,,,,,,,,,,
https://textclothsustain.springeropen.com/articles/10.1186/s40689-017-0027-8,2017,Contribution of traceability towards attaining sustainability in the textile sector,Kumar et al,Textiles and Clothing Sustainability,10m,,Aca,1,1,,,,HIDE
https://cen.acs.org/business/consumer-products/new-textile-dyeing-methods-make/96/i29?PageSpeed=noscript,2018,These new textile dyeing methods could make fashion more sustainable,Bomgardner,C&EN,5m,,News/Event/Dated,,1,,,,HIDE
https://www.fashionrevolution.org/about/transparency/,2020,Fashion Transparency Index 2020,Fashion Revolution,Fashion Revolution,10m,,News/Event/Dated,1,1,,,,HIDE
,,,,,,,,,,,,,
,2004,Diagnosis and Treatment of Dermatitis Due to Formaldehyde Resins in Clothing,Carlson et al,Dermatitis,10m,need link,Aca,,,,1,,HIDE
,2014,Textile allergic contact dermatitis: current status,Coman et al,Rev Environ Health,5m,need link,Aca,,,,1,,HIDE
https://insights.ovid.com/crossref?an=01206501-201609000-00009,2016,The Association of Race/Ethnicity and Patch Test Results: North American Contact Dermatitis Group 1998-2006,Deleo et al,Dermatitis,5m,,Aca,,,,1,,HIDE
https://www.jacionline.org/article/S0091-6749(16)30011-2/abstract,2016,A work group report on ultrafine particles: Why ambient ultrafine and engineered nanoparticles should receive special attention for possible adverse health outcomes in human subjects,Li et al,Journal of Allergy and clinical Immunology,10m,,Aca,,,,1,,HIDE
https://onlinelibrary.wiley.com/doi/full/10.1111/cod.12001,2013,Contact allergy from disperse dyes in textiles – a review,Malinauskiene et al,Contact Dermatits,10m,,Aca,,,,1,,HIDE
,2017,Allergic contact dermatitis caused by textile dyes mimicking atopic dermatitis,Mohamoud et al,Contact Dermatits,5m,need link,Aca,,,,1,,HIDE
,2018,Textile and Shoe Allergic Contact Dermatitis in Military Personnel,Slodownik et al,American Contact Dermatitis Society,5m,need link,Aca,,,,1,,HIDE
https://www.ramex.com/title.asp?id=1881&pid=24040,2020,Title details: Patty's Toxicology,rAmEx Ars Medica, RamEx Ars Medica,5m,,Aca,,,,1,,HIDE
https://onlinelibrary.wiley.com/doi/full/10.1111/j.1600-0536.2007.01220.x,2007,The epidemielogy of contact allergy in the general population – prevalence and main findings,Thyssen et al,Contact Dermatits,10m,,Aca,,,,1,,HIDE
https://www.scientificamerican.com/article/flame-retardant-fertility-pregnancy-pbde/,2010,Scientists link flame retardants and reduced human fertility,Cone,Scientific American,5m,,News/Event/Dated,,,,1,,HIDE
https://therealnews.com/new-poison-papers-leak-epa-knew-about-many-dangerous-toxins-but-kept-quiet,2018,"New “poison Papers' Leak: EPA Knew about many danerous toxins, but kept quiet",Lascaris,The Real News,10m,,News/Event/Dated,1,,,1,,HIDE
https://publications.jrc.ec.europa.eu/repository/bitstream/JRC36150/6150%20-%20HCHO_survey_final_report.pdf,2007,European survey on the release of formaldehyde from textiles,Piccinini et al,European Commiion,30m,,News/Event/Dated,,,,1,,HIDE
https://www.nytimes.com/2010/12/11/your-money/11wrinkle.html,,When Wrinkle-Free Clothing also Means Formaldehyde Fumes,Siegel Bernard,NYT,10m,,News/Event/Dated,,1,,1,,HIDE
https://silentspring.org/news/high-levels-toxic-flame-retardant-chemicals-found-dust-inside-college-classrooms,2020,High levels of toxic flame retardant chemicals found in dust inside college classrooms,Silent Sprint Institute,Silent Spring Institute,5m,,News/Event/Dated,,,,1,,HIDE
https://www.gao.gov/new.items/d10875.pdf,2010,"While Levels in Clothing Generally Appear to be low, allergic contact dermatitis is a health issue for some people",US GAO,US GAO,60m,,News/Event/Dated,,,1,1,,HIDE
